symbol,received_at,post_id,ticker_symbol,company_name,subreddit,post_title,post_content,post_comments,sentiment_post_title,sentiment_post_content,sentiment_comments,post_url,num_comments,score,created_utc,match_type,post_timestamp,sentiment_type,related_to,sent_at
AAPL,2025-10-17T15:00:00,abc123,AAPL,Apple Inc.,wallstreetbets,AAPL calls printing after earnings beat 🚀,"Bought AAPL 180c expiring next week. Tim Apple delivered again! Services revenue is insane. Who else is riding this wave?","Great call! I'm up 200% on my position. Apple never disappoints.",0.85,0.72,0.65,https://reddit.com/r/wallstreetbets/abc123,45,1250,2025-10-17T14:45:00,ticker,2025-10-17T14:45:00,company,AAPL,2025-10-17T15:00:00
AAPL,2025-10-17T15:15:00,def456,AAPL,Apple Inc.,stocks,Apple Q4 Analysis - Still a buy?,"Looking at Apple's Q4 numbers. Revenue beat expectations but China sales concern me. iPhone 16 demand seems strong but competition is heating up. What's your take?","Mixed feelings here. Services growth is great but hardware margins are tightening. Still holding my position though.",-0.05,0.15,-0.10,https://reddit.com/r/stocks/def456,78,890,2025-10-17T15:00:00,ticker,2025-10-17T15:00:00,company,AAPL,2025-10-17T15:15:00
AAPL,2025-10-20T09:30:00,pqr678,AAPL,Apple Inc.,wallstreetbets,AAPL gap up! Let's go! 🍎📈,"Pre-market looking juicy. China iPhone demand reports are bullish. Loading up on more calls!","Same! This is going to $200 by EOY. Apple ecosystem is unbeatable.",0.92,0.88,0.85,https://reddit.com/r/wallstreetbets/pqr678,89,3200,2025-10-20T09:15:00,ticker,2025-10-20T09:15:00,company,AAPL,2025-10-20T09:30:00
AAPL,2025-10-20T09:45:00,stu901,AAPL,Apple Inc.,stocks,Fed rate cut implications for AAPL,"If Fed cuts rates in December, growth stocks like Apple should benefit. Lower borrowing costs = more stock buybacks.","Agreed. Plus it helps their financing programs. Apple Card rates could drop too.",0.45,0.52,0.48,https://reddit.com/r/stocks/stu901,41,580,2025-10-20T09:30:00,ticker,2025-10-20T09:30:00,global,GLOBAL,2025-10-20T09:45:00
AAPL,2025-10-20T10:15:00,yza567,AAPL,Apple Inc.,wallstreetbets,India manufacturing expansion = bullish,"Apple opening new Chennai facility. Diversifying from China is smart. India is the next big growth market.","This is huge for margins. India labor costs are lower and government is supportive.",0.72,0.68,0.75,https://reddit.com/r/wallstreetbets/yza567,34,920,2025-10-20T10:00:00,ticker,2025-10-20T10:00:00,company,AAPL,2025-10-20T10:15:00
AAPL,2025-10-20T10:45:00,efg123,AAPL,Apple Inc.,investing,M4 Max benchmarks are insane,"40% improvement over M3 Max! Apple silicon continues to dominate. MacBook Pro refresh will be huge.","Intel and AMD can't compete. Apple's vertical integration is paying off.",0.88,0.85,0.82,https://reddit.com/r/investing/efg123,45,1450,2025-10-20T10:30:00,ticker,2025-10-20T10:30:00,company,AAPL,2025-10-20T10:45:00
AAPL,2025-10-20T11:15:00,klm789,AAPL,Apple Inc.,stocks,Services segment hitting records,"$25B in services revenue! App Store + Apple Music + iCloud is a money machine. High margin recurring revenue.","The services moat is real. Once you're in the ecosystem, you never leave.",0.75,0.80,0.72,https://reddit.com/r/stocks/klm789,38,820,2025-10-20T11:00:00,ticker,2025-10-20T11:00:00,company,AAPL,2025-10-20T11:15:00
GOOGL,2025-10-17T15:30:00,ghi789,GOOGL,Alphabet Inc.,investing,GOOGL cloud growth is impressive,"Google Cloud finally profitable! 35% growth YoY. Gemini API adoption accelerating. This could be the AWS killer we've been waiting for.","Cloud is the future. GOOGL still undervalued compared to MSFT imo.",0.78,0.82,0.70,https://reddit.com/r/investing/ghi789,32,650,2025-10-17T15:15:00,ticker,2025-10-17T15:15:00,company,GOOGL,2025-10-17T15:30:00
AAPL,2025-10-17T15:45:00,jkl012,AAPL,Apple Inc.,wallstreetbets,Vision Pro sales disappointing?,"Heard Vision Pro sales are way below expectations. Is Apple losing its innovation edge? Tim Cook needs to step up.","Nah, it's a first gen product. Wait for Vision Pro 2. Apple plays the long game.",-0.45,-0.35,-0.20,https://reddit.com/r/wallstreetbets/jkl012,156,2100,2025-10-17T15:30:00,ticker,2025-10-17T15:30:00,company,AAPL,2025-10-17T15:45:00
GOOGL,2025-10-17T16:00:00,mno345,GOOGL,Alphabet Inc.,stocks,YouTube Premium hitting milestones,"100M subscribers for YouTube Premium! That's serious recurring revenue. Alphabet's diversification strategy is working.","Love the subscription model. Much more predictable than ad revenue.",0.65,0.58,0.72,https://reddit.com/r/stocks/mno345,28,420,2025-10-17T15:45:00,ticker,2025-10-17T15:45:00,company,GOOGL,2025-10-17T16:00:00
GOOGL,2025-10-20T10:00:00,vwx234,GOOGL,Alphabet Inc.,investing,GOOGL vs MSFT cloud comparison,"Azure growing 29% vs Google Cloud 35%. GOOGL is catching up fast. AI workloads favor Google's TPU infrastructure.","Competition is good. Both are solid investments for cloud exposure.",0.55,0.62,0.50,https://reddit.com/r/investing/vwx234,67,780,2025-10-20T09:45:00,ticker,2025-10-20T09:45:00,sector,MSFT,2025-10-20T10:00:00
GOOGL,2025-10-20T10:30:00,bcd890,GOOGL,Alphabet Inc.,stocks,DeepMind breakthroughs undervalued,"AlphaFold 3 announcement is massive. Drug discovery applications could be worth billions. Market isn't pricing this in yet.","DeepMind is Google's secret weapon. Waymo + DeepMind + Cloud = unstoppable.",0.82,0.78,0.80,https://reddit.com/r/stocks/bcd890,52,1100,2025-10-20T10:15:00,ticker,2025-10-20T10:15:00,company,GOOGL,2025-10-20T10:30:00
GOOGL,2025-10-20T11:00:00,hij456,GOOGL,Alphabet Inc.,wallstreetbets,$50B buyback announced! 💰,"Alphabet board approved massive buyback. This is incredibly bullish. EPS going to moon!","Finally! They've been sitting on too much cash. Time to return value to shareholders.",0.90,0.85,0.88,https://reddit.com/r/wallstreetbets/hij456,123,4500,2025-10-20T10:45:00,ticker,2025-10-20T10:45:00,company,GOOGL,2025-10-20T11:00:00
GOOGL,2025-10-20T11:30:00,nop012,GOOGL,Alphabet Inc.,investing,Waymo expansion is exciting,"Miami and Atlanta next for robotaxis. Waymo is years ahead of Tesla FSD. This is the future of transportation.","The data moat Waymo has is incredible. Billions of miles of real-world driving.",0.70,0.75,0.68,https://reddit.com/r/investing/nop012,56,950,2025-10-20T11:15:00,ticker,2025-10-20T11:15:00,company,GOOGL,2025-10-20T11:30:00
AAPL,2025-10-20T11:45:00,qrs345,AAPL,Apple Inc.,wallstreetbets,Apple Pay Later crushing competition,"50M users! Affirm and Klarna are toast. Apple has the trust and the ecosystem.","Zero interest loans backed by Goldman? Can't compete with that.",0.78,0.72,0.80,https://reddit.com/r/wallstreetbets/qrs345,67,1800,2025-10-20T11:30:00,ticker,2025-10-20T11:30:00,company,AAPL,2025-10-20T11:45:00
GOOGL,2025-10-20T12:00:00,tuv678,GOOGL,Alphabet Inc.,stocks,GPT-5 vs Gemini comparison,"OpenAI dropped GPT-5. How does it compare to Gemini 2? Google needs to respond fast.","Competition is heating up. But Google has the distribution advantage with Search and Android.",-0.15,0.10,-0.05,https://reddit.com/r/stocks/tuv678,189,2800,2025-10-20T11:45:00,ticker,2025-10-20T11:45:00,sector,OpenAI,2025-10-20T12:00:00
AAPL,2025-10-20T12:15:00,wxy901,AAPL,Apple Inc.,investing,AAPL technicals looking strong,"Breaking out of consolidation. RSI healthy, MACD crossing bullish. Target $195 short term.","Volume confirms the breakout. Institutions are loading up.",0.65,0.70,0.62,https://reddit.com/r/investing/wxy901,29,540,2025-10-20T12:00:00,ticker,2025-10-20T12:00:00,company,AAPL,2025-10-20T12:15:00
GOOGL,2025-10-20T12:30:00,zab234,GOOGL,Alphabet Inc.,wallstreetbets,GOOGL workspace AI features are game changing,"Meeting summaries and action items automatically? Enterprise clients will love this. More stickiness for Workspace.","This is how you compete with Microsoft 365. AI-first approach.",0.72,0.78,0.70,https://reddit.com/r/wallstreetbets/zab234,41,720,2025-10-20T12:15:00,ticker,2025-10-20T12:15:00,company,GOOGL,2025-10-20T12:30:00
AAPL,2025-10-20T12:45:00,cde567,AAPL,Apple Inc.,stocks,Apple Watch dominance continues,"55% market share in smartwatches! Samsung and Garmin can't catch up. Health features keep getting better.","The health data ecosystem is the real value. Apple is becoming a health company.",0.68,0.72,0.65,https://reddit.com/r/stocks/cde567,33,480,2025-10-20T12:30:00,ticker,2025-10-20T12:30:00,company,AAPL,2025-10-20T12:45:00
GOOGL,2025-10-20T13:00:00,fgh890,GOOGL,Alphabet Inc.,investing,Search moat still intact,"91% market share despite all the AI chatbot hype. Google Search isn't going anywhere.","SEO + ads ecosystem too entrenched. Bing with ChatGPT barely moved the needle.",0.60,0.55,0.58,https://reddit.com/r/investing/fgh890,48,650,2025-10-20T12:45:00,ticker,2025-10-20T12:45:00,company,GOOGL,2025-10-20T13:00:00
AAPL,2025-10-20T13:15:00,ijk123,AAPL,Apple Inc.,wallstreetbets,Apple Intelligence finally rolling out!,"Global rollout of AI features. Siri is actually useful now! This is the upgrade cycle catalyst we needed.","Been waiting for this. Apple taking its time but quality > speed.",0.82,0.78,0.75,https://reddit.com/r/wallstreetbets/ijk123,76,2200,2025-10-20T13:00:00,ticker,2025-10-20T13:00:00,company,AAPL,2025-10-20T13:15:00
GOOGL,2025-10-20T13:30:00,lmn456,GOOGL,Alphabet Inc.,stocks,Pixel 9 Pro sales exceeding expectations,"Google finally made a hit phone. Camera AI is incredible. Maybe Pixel can become a real business.","Hardware margins are tough but it feeds the software ecosystem. Smart play.",0.70,0.65,0.72,https://reddit.com/r/stocks/lmn456,35,580,2025-10-20T13:15:00,ticker,2025-10-20T13:15:00,company,GOOGL,2025-10-20T13:30:00
AAPL,2025-10-20T13:45:00,opq789,AAPL,Apple Inc.,investing,TSMC relationship is key,"TSMC 3nm chips powering iPhone and Mac. Apple has priority allocation. This is a competitive advantage.","Vertical integration + best fab partner = unbeatable combo.",0.58,0.62,0.55,https://reddit.com/r/investing/opq789,27,420,2025-10-20T13:30:00,ticker,2025-10-20T13:30:00,sector,TSM,2025-10-20T13:45:00
GOOGL,2025-10-20T14:00:00,rst012,GOOGL,Alphabet Inc.,wallstreetbets,Meta AI competition heating up,"500M users for Meta AI. Zuck is coming for Google. This is going to be interesting.","Different use cases though. Meta is social, Google is productivity and search.",-0.10,0.05,0.00,https://reddit.com/r/wallstreetbets/rst012,112,1900,2025-10-20T13:45:00,ticker,2025-10-20T13:45:00,sector,META,2025-10-20T14:00:00
AAPL,2025-10-20T14:15:00,uvw345,AAPL,Apple Inc.,stocks,Sustainability goals are impressive,"Carbon neutral by 2030. ESG funds will love this. Apple leading on environmental responsibility.","Good for the planet and good for business. Win-win.",0.65,0.70,0.62,https://reddit.com/r/stocks/uvw345,22,380,2025-10-20T14:00:00,ticker,2025-10-20T14:00:00,company,AAPL,2025-10-20T14:15:00
GOOGL,2025-10-20T14:30:00,xyz678,GOOGL,Alphabet Inc.,investing,Treasury yields dropping helps growth stocks,"4.1% 10-year yield. Rate cuts being priced in. GOOGL and other growth stocks should benefit.","Risk-on environment. Time to add to tech positions.",0.55,0.50,0.58,https://reddit.com/r/investing/xyz678,44,620,2025-10-20T14:15:00,ticker,2025-10-20T14:15:00,global,GLOBAL,2025-10-20T14:30:00
AAPL,2025-10-20T14:45:00,aaa111,AAPL,Apple Inc.,wallstreetbets,AAPL to $200 EOY? 🎯,"Charts look bullish, fundamentals strong, and AI catalyst coming. $200 by December is possible.","I'm in! LEAPS are the play. Don't fight the trend.",0.85,0.80,0.78,https://reddit.com/r/wallstreetbets/aaa111,98,3100,2025-10-20T14:30:00,ticker,2025-10-20T14:30:00,company,AAPL,2025-10-20T14:45:00
GOOGL,2025-10-20T15:00:00,bbb222,GOOGL,Alphabet Inc.,stocks,GOOGL long-term thesis still intact,"AI, cloud, autonomous vehicles, search. Multiple growth vectors. Still the best big tech value.","Agree. P/E is reasonable compared to MSFT and AAPL.",0.72,0.68,0.70,https://reddit.com/r/stocks/bbb222,36,520,2025-10-20T14:45:00,ticker,2025-10-20T14:45:00,company,GOOGL,2025-10-20T15:00:00
AAPL,2025-10-20T15:15:00,ccc333,AAPL,Apple Inc.,investing,Intel layoffs show Apple's advantage,"15000 job cuts at Intel. Apple Silicon killed x86 for consumer. Imagine if Apple made server chips too.","ARM is the future. Apple proved it. Intel is in trouble.",0.40,0.35,0.38,https://reddit.com/r/investing/ccc333,58,880,2025-10-20T15:00:00,ticker,2025-10-20T15:00:00,sector,INTC,2025-10-20T15:15:00
